{"/LXNxHyefuUajKQCIrN2Iw==":"mbr-1920x1440.png","krQhURdpyHRwvSiCTAYepw==":"mbr-1256x838.jpg","bPea1FME58YDxZkUmaJRcw==":"mbr-596x397.jpg","wyZaTgR8X9VGejiCPXwvXw==":"mbr-1-596x397.jpg","Vc1xUkFyLcAR9N+01/9SPw==":"mbr-596x398.jpg","uFw90vyzVZ5gYQmyUIRbrQ==":"mbr-2-596x397.jpg","BbnwYTQ/mwRikIuzWrx5wQ==":"mbr-3-596x397.jpg","yj65sRuI116jFLEwblFzpQ==":"mbr-4-596x397.jpg","5oPK1SFHulevFYkrYKzJZA==":"mbr-596x447.jpg","avvqA70996b1K9wVBqlPyw==":"mbr-596x401.jpg","KonTLiEUyrslutBRFAYAsQ==":"mbr-596x401.jpeg","pOu5RVJOYUVtoRmCFCuY7Q==":"mbr-1920x1280.jpg","yhM3E1ZFr8dF18pJX8fqCw==":"mbr-1256x837.jpg","w83uDO7df7KKhPdDldUGYg==":"mbr-1-1920x1280.jpg","7+IaZveUPgj7KRGNlBTXbw==":"mbr-816x544.jpg","tCpP3Zby51T46L6MmgZSgA==":"mbr-1-816x544.jpg","lwgOQaWOCTYj+S01nb8m8g==":"mbr-816x524.jpg","8cRf2rMsVHRj++7zzvhg6w==":"mbr-198x198.jpg","hvxIYJbHmr3+Fqg1rCxUZQ==":"mbr-1256x829.jpg","qsxy6/T4m0lHZ2sI7XZjLA==":"ultimate-logo-1.jpg","CPSAE+X+ZeR9zO+tWSCKCw==":"ultimate-logo-1.jpeg","ZG5haNUttHK4kiFvX3rZ/w==":"ultimate-logoedited.jpg","QlMtnxvOK5SljxoI8aqMbQ==":"3f26df8a-9e8e-4a1f-bbe8-2ad912edaf1b.jpg","7Tv20LpH/5JqqpwFPKyNbg==":"a5c4e4af-bb55-438b-8e34-3c8b63e66ab8.jpg","WN4igBeVy7Ro6Y+ipDlSfA==":"42a0d186-5d43-4155-bf4f-b448132cbe04.jpg","c6N5x5K0Qyyvg4pj0+p2MA==":"2875118e-e28c-43da-b476-91f45aa90fc4.jpg","p+AWGZf5Y+DrXAWMzX0m0A==":"c314bc5b-e425-4331-b847-f784b715bede.jpg","ZBeflCqFbt/VW8D4N8/cwA==":"img-5073.jpg","rKMBA4PPA4WIRIq6llEdKg==":"img-4959.jpg","7Rk2TSJ1Y98ogAa+Qix5zg==":"img-4966.jpg","AzmmgHZuNgMXn6nXf5F1qg==":"img-4952.jpg","NwrqpT9fz1es1iJVIRJjHQ==":"img-4946.jpg","GEKO9yI6GxPcmdDI/pxPlA==":"img-4961.jpg","4f7uiW+Cx8hR1FDHG+YfjQ==":"img-5075.jpg","g+sVVDxwZjbcZAMSVrKxKQ==":"img-5078.jpg","szT/sKml4XvNpLJdu9Megw==":"img-5076.jpg","wUvFuFdsJF2JiPNGrcW6dw==":"d327a618-d43e-4d40-a2f2-2dd47159a2bb.jpg","DwfLLTAzL4gbWVx8oqwdaA==":"2021-01-08-11.49.49-removebg-preview.png","c3EoThQeeNV7MdGDVkzP0w==":"d327a618-d43e-4d40-a2f2-2dd47159a2bb.jpeg","Jmy+H62Rq9dxnoIoptk6yQ==":"d327a618-d43e-4d40-a2f2-2dd47159a2bb-1.jpeg","y0Re+Hh9JiAkQFX2THdsdg==":"2021-01-08-11.49.49-removebg-preview-1.png","b2tFMp7D9A5YlZZXtOvuKw==":"2021-01-08-11.49.49-removebg-preview-2.png","EYSXgdVVy1IQkAZos26TLA==":"2021-01-08-11.49.49-removebg-preview-3.png","E2hG1QeLmMrxk2CyHvW4QQ==":"2021-01-08-11.49.49-removebg-preview-4.png","Re2vzMjebHa5qzW5mtHxrw==":"francis-hazel-596x596.jpg","APDoUNzM72LODuqAB63ieA==":"michael-ashitey-413x531.jpg","lyJVOg7YpIjD+Kxvbp66pA==":"francis-hazel-596x596.jpeg","5jT8EQBEqMk/aGOz0tjuBw==":"2021-01-08-11.49.49-removebg-preview-5.png","DC0XuQgLjBys4DwWA/hSPQ==":"michael-ashitey-413x531.jpeg","OuPsT8tGOWd46N9IFHtYKA==":"2021-01-08-11.49.49-removebg-preview-6.png","yFu367Lk6v0mBSF+3lPFEA==":"francis-hazel.jpeg","1kIHsN0703KvXrmMLDsGqg==":"michael-ashitey.jpeg","HVI7RZZ87a/CZ9XIVCgF0w==":"francis-hazel-1.jpeg","ED+GJd5Tbvx5ENSw5tX+7g==":"img-3972-removebg-preview.png","eb2jyCx1+CCAk8BnOD+VKQ==":"mary.jpg","JEVijNyIrog6QEN/n5wU6w==":"mary.jpeg","X5ThlZY9IdUPg11rvYPcyA==":"mary-1.jpeg","PbgQ0KRkwsNnnJIF72IE1Q==":"mary-2.jpeg","FE0MLd9sGn/IrXcZ/w+Dgw==":"savicode.jpeg","j3hWQGgBsNLq64xPv0X2lw==":"img-4290.jpg","G/nAMn4GnYOAXi9mvLazXA==":"michael-ashitey-1-413x531.jpeg","lF2Y+MXilC8bPHp8Hi9HSQ==":"michael-ashitey-2-413x531.jpeg","fEKQ49TOXG7S0/dVNhPgvg==":"mary-3.jpeg","DaEOEPvE5x/FFPpd3Xda1A==":"mary-4.jpeg","rjhOQXPHdYn1YPbQ0UfJgQ==":"mary-5.jpeg","Rm2LAUokyg35p6bXiDC5og==":"ceo-1.jpeg","CVpdhLCHxLNhdYMz6xTd2A==":"44c96ec0-82a0-4244-8ef7-453ce8176964.jpg","lowh0wRUQJtmTUcGpkSuxg==":"img-5584-removebg-preview.png","911X7bM4yT2Mobv6BsMc+g==":"background8.jpg","c15G0yigne7VL5wn7crBjQ==":"savic.png","hr2npcxbwonH0ZTm7ySeGA==":"savic-1.png","WbdooKtxgun7oG0n1q3Bcg==":"savic-2.png","OiBL6plkl+ORKZjsFMSO8Q==":"savic-3.png","9UT9caITh2M3LMYA1ZYeXg==":"background2.jpg","n1dx+NZv3qks526xC0hZ5Q==":"background13.jpg"}